{"cameraMode":{"drawMode":0,"name":"Shaded","section":"Shading Mode"},"sceneLighting":false,"audioPlay":false,"sceneViewState":{"showFog":true,"showMaterialUpdate":false,"showSkybox":false,"showFlares":true,"showImageEffects":true,"showParticleSystems":true},"in2DMode":false,"pivot":{"x":-6.489622116088867,"y":1.4021618366241456,"z":0.6515224575996399},"rotation":{"x":0.02118184044957161,"y":0.4698694348335266,"z":0.011279112659394741,"w":-0.8824107050895691},"size":25.42470359802246,"orthographic":true}