{"cameraMode":{"drawMode":0,"name":"Shaded","section":"Shading Mode"},"sceneLighting":true,"audioPlay":false,"sceneViewState":{"showFog":true,"showMaterialUpdate":false,"showSkybox":true,"showFlares":true,"showImageEffects":true,"showParticleSystems":true},"in2DMode":false,"pivot":{"x":79.2437515258789,"y":12.048296928405762,"z":-9.5494384765625},"rotation":{"x":-0.0021541628520935776,"y":0.6959855556488037,"z":-0.0020879460498690607,"w":-0.7180495262145996},"size":68.81865692138672,"orthographic":true}