{"cameraMode":{"drawMode":0,"name":"Shaded","section":"Shading Mode"},"sceneLighting":false,"audioPlay":false,"sceneViewState":{"showFog":true,"showMaterialUpdate":false,"showSkybox":false,"showFlares":true,"showImageEffects":true,"showParticleSystems":true},"in2DMode":false,"pivot":{"x":0.0,"y":9.5367431640625e-7,"z":-0.19999980926513673},"rotation":{"x":0.01089406106621027,"y":-0.6876946091651917,"z":0.010310248471796513,"w":0.7258678674697876},"size":44.32992172241211,"orthographic":true}