{"cameraMode":{"drawMode":0,"name":"Shaded","section":"Shading Mode"},"sceneLighting":false,"audioPlay":false,"sceneViewState":{"showFog":true,"showMaterialUpdate":false,"showSkybox":false,"showFlares":true,"showImageEffects":true,"showParticleSystems":true},"in2DMode":false,"pivot":{"x":1.3515625,"y":-0.6932032108306885,"z":1.5154685974121094},"rotation":{"x":-0.00980815477669239,"y":-0.6870457530021668,"z":-0.009275653399527073,"w":0.7264904379844666},"size":7.294435024261475,"orthographic":true}