{"cameraMode":{"drawMode":0,"name":"Shaded","section":"Shading Mode"},"sceneLighting":false,"audioPlay":false,"sceneViewState":{"showFog":true,"showMaterialUpdate":false,"showSkybox":false,"showFlares":true,"showImageEffects":true,"showParticleSystems":true},"in2DMode":false,"pivot":{"x":287.79998779296877,"y":-2.700000047683716,"z":269.79998779296877},"rotation":{"x":-1.9491981362307344e-8,"y":0.7088000774383545,"z":-1.0583510734463176e-9,"w":-0.7054088711738586},"size":22.0,"orthographic":true}