{"cameraMode":{"drawMode":0,"name":"Shaded","section":"Shading Mode"},"sceneLighting":false,"audioPlay":false,"sceneViewState":{"showFog":true,"showMaterialUpdate":false,"showSkybox":false,"showFlares":true,"showImageEffects":true,"showParticleSystems":true},"in2DMode":false,"pivot":{"x":0.0,"y":11.300000190734864,"z":-56.099998474121097},"rotation":{"x":0.4479524791240692,"y":-0.04101429507136345,"z":0.02057100646197796,"w":0.8928840756416321},"size":60.91542053222656,"orthographic":true}