{"cameraMode":{"drawMode":0,"name":"Shaded","section":"Shading Mode"},"sceneLighting":false,"audioPlay":false,"sceneViewState":{"showFog":true,"showMaterialUpdate":false,"showSkybox":false,"showFlares":true,"showImageEffects":true,"showParticleSystems":true},"in2DMode":false,"pivot":{"x":5.572265625,"y":8.824999809265137,"z":-58.337501525878909},"rotation":{"x":0.08526220172643662,"y":-0.5034039616584778,"z":0.049994535744190219,"w":0.858384370803833},"size":60.91542053222656,"orthographic":true}