{"cameraMode":{"drawMode":0,"name":"Shaded","section":"Shading Mode"},"sceneLighting":false,"audioPlay":false,"sceneViewState":{"showFog":true,"showMaterialUpdate":false,"showSkybox":false,"showFlares":true,"showImageEffects":true,"showParticleSystems":true},"in2DMode":false,"pivot":{"x":0.84619140625,"y":-0.4735180735588074,"z":8.598912239074707},"rotation":{"x":-0.007057838141918182,"y":-0.7401841282844544,"z":-0.007773980963975191,"w":0.6723308563232422},"size":30.522802352905275,"orthographic":true}